<?xml version="1.0" encoding="UTF-8"?>
<extentreports>
  <configuration>
    <theme>standard</theme>
    <encoding>UTF-8</encoding>
    <protocol>https</protocol>
    <documentTitle>SauceDemo Automation Dash board</documentTitle>
    <reportName>SauceDemoReport.com </reportName> 
    <dateFormat>yyyy-MM-dd</dateFormat>
    <timeFormat>HH:mm:ss</timeFormat>
    <scripts>
      <![CDATA[
        $(document).ready(function() {
        
        });
      ]]>
    </scripts>
    
    <!-- custom styles -->
    <styles>
      <![CDATA[
        
      ]]>
    </styles>
  </configuration>
</extentreports>